{
  "status": "INVALID",
  "fields": {
    "caseId": "10016998899",
    "loanAmount": "r9064057",
    "instalment": "r339349",
    "interestRate": "2925",
    "insurancePremium": "r32146",
    "collectionAccountNo": "1148337962"
  },
  "confidence": {
    "overall": 0,
    "fields": {
      "caseId": {
        "value": "10016998899",
        "bounds": {
          "x": 446.367,
          "y": 82.86900000000003,
          "width": 51.296,
          "height": 8
        },
        "confidence": 0.999999999071256,
        "page": 0,
        "validation": { "quoteRef": true, "caseRefs": 5, "totalPages": 6 }
      },
      "loanAmount": {
        "value": "r9064057",
        "confidence": 1,
        "bounds": {
          "x": 160.985,
          "y": 525.169,
          "width": 38.254999999999995,
          "height": 7
        },
        "page": 0
      },
      "instalment": {
        "value": "r339349",
        "confidence": 1,
        "bounds": {
          "x": 449.07000000000005,
          "y": 591.443,
          "width": 32.13000000000003,
          "height": 7
        },
        "page": 0
      },
      "interestRate": {
        "value": "2925",
        "confidence": 1,
        "bounds": {
          "x": 449.07,
          "y": 723.75,
          "width": 24.387999999999998,
          "height": 7
        },
        "page": 0
      },
      "insurancePremium": {
        "value": "r32146",
        "confidence": 1,
        "bounds": {
          "x": 449.07000000000005,
          "y": 34.99299999999994,
          "width": 25.228,
          "height": 7
        },
        "page": 1
      },
      "collectionAccountNo": {
        "value": "1148337962",
        "confidence": 1,
        "bounds": {
          "x": 162.187,
          "y": 644.828,
          "width": 96.8590000000001,
          "height": 7
        },
        "page": 1
      }
    }
  },
  "validation": {},
  "issues": []
}
