{
  "status": "INVALID",
  "fields": {
    "loanAmount": "R90 640,57",
    "instalment": "R3 393,49",
    "interestRate": "29.25%",
    "insurancePremium": "R321,46",
    "collectionAccountNo": "1148337962"
  },
  "confidence": {
    "overall": 1,
    "fields": {
      "loanAmount": {
        "value": "R90 640,57",
        "confidence": 1,
        "bounds": {
          "x": 160.985,
          "y": 525.169,
          "width": 38.254999999999995,
          "height": 7
        },
        "page": 0
      },
      "instalment": {
        "value": "R3 393,49",
        "confidence": 1,
        "bounds": {
          "x": 449.07000000000005,
          "y": 591.443,
          "width": 32.13000000000003,
          "height": 7
        },
        "page": 0
      },
      "interestRate": {
        "value": "29.25%",
        "confidence": 1,
        "bounds": {
          "x": 449.07,
          "y": 723.75,
          "width": 24.387999999999998,
          "height": 7
        },
        "page": 0
      },
      "insurancePremium": {
        "value": "R321,46",
        "confidence": 1,
        "bounds": {
          "x": 449.07000000000005,
          "y": 34.99299999999994,
          "width": 25.228,
          "height": 7
        },
        "page": 1
      },
      "collectionAccountNo": {
        "value": "1148337962",
        "confidence": 1,
        "bounds": {
          "x": 162.187,
          "y": 644.828,
          "width": 96.8590000000001,
          "height": 7
        },
        "page": 1
      }
    }
  },
  "validation": {},
  "issues": ["Missing required field: caseId"]
}
